Hisse,AI Score,Sinyal,Dip Puanı,Fib Puanı,Dip Durumu,Fib Durumu
YONGA,77.05,ERKEN,73,100,SESSİZ_AKUMULASYON_DIP,FIB_ABSOLUTE_BOTTOM
KRTEK,76.2,ERKEN,72,100,SESSİZ_AKUMULASYON_DIP,FIB_ABSOLUTE_BOTTOM
KLGYO,74.5,ERKEN,70,100,SESSİZ_AKUMULASYON_DIP,FIB_ABSOLUTE_BOTTOM
LILAK,72.8,ERKEN,68,100,SESSİZ_AKUMULASYON_DIP,FIB_ABSOLUTE_BOTTOM
GIPTA,72.8,ERKEN,68,100,SESSİZ_AKUMULASYON_DIP,FIB_ABSOLUTE_BOTTOM
BERA,72.8,ERKEN,68,100,SESSİZ_AKUMULASYON_DIP,FIB_ABSOLUTE_BOTTOM
SRVGY,71.95,ERKEN,67,100,SESSİZ_AKUMULASYON_DIP,FIB_ABSOLUTE_BOTTOM
HALKB,70.25,ERKEN,65,100,SESSİZ_AKUMULASYON_DIP,FIB_ABSOLUTE_BOTTOM
IHYAY,70.25,ERKEN,65,100,SESSİZ_AKUMULASYON_DIP,FIB_ABSOLUTE_BOTTOM
TKNSA,70.25,ERKEN,65,100,SESSİZ_AKUMULASYON_DIP,FIB_ABSOLUTE_BOTTOM
KZBGY,70.25,ERKEN,65,100,SESSİZ_AKUMULASYON_DIP,FIB_ABSOLUTE_BOTTOM
KENT,70.25,ERKEN,65,100,SESSİZ_AKUMULASYON_DIP,FIB_ABSOLUTE_BOTTOM
FORMT,70.25,ERKEN,65,100,SESSİZ_AKUMULASYON_DIP,FIB_ABSOLUTE_BOTTOM
BASCM,68.55,ERKEN,63,100,IZLEME_BOLGESI,FIB_ABSOLUTE_BOTTOM
KARSN,68.2,ERKEN,67,75,SESSİZ_AKUMULASYON_DIP,FIB_EARLY_REBOUND
MEKAG,66.0,ERKEN,60,100,IZLEME_BOLGESI,FIB_ABSOLUTE_BOTTOM
MEDTR,66.0,ERKEN,60,100,IZLEME_BOLGESI,FIB_ABSOLUTE_BOTTOM
YATAS,66.0,ERKEN,60,100,IZLEME_BOLGESI,FIB_ABSOLUTE_BOTTOM
TLMAN,66.0,ERKEN,60,100,IZLEME_BOLGESI,FIB_ABSOLUTE_BOTTOM
DERHL,66.0,ERKEN,60,100,IZLEME_BOLGESI,FIB_ABSOLUTE_BOTTOM
BRKVY,66.0,ERKEN,60,100,IZLEME_BOLGESI,FIB_ABSOLUTE_BOTTOM
GRNYO,65.15,ERKEN,59,100,IZLEME_BOLGESI,FIB_ABSOLUTE_BOTTOM
AKBNK,64.3,IZLE,58,100,IZLEME_BOLGESI,FIB_ABSOLUTE_BOTTOM
YKBNK,64.3,IZLE,58,100,IZLEME_BOLGESI,FIB_ABSOLUTE_BOTTOM
SANKO,64.3,IZLE,58,100,IZLEME_BOLGESI,FIB_ABSOLUTE_BOTTOM
SEKFK,64.3,IZLE,58,100,IZLEME_BOLGESI,FIB_ABSOLUTE_BOTTOM
DSTKF,63.95,IZLE,62,75,IZLEME_BOLGESI,FIB_EARLY_REBOUND
MAKTK,63.45,IZLE,57,100,IZLEME_BOLGESI,FIB_ABSOLUTE_BOTTOM
SILVR,62.25,IZLE,60,75,IZLEME_BOLGESI,FIB_EARLY_REBOUND
CEMTS,61.75,IZLE,55,100,IZLEME_BOLGESI,FIB_ABSOLUTE_BOTTOM
DESA,61.75,IZLE,55,100,IZLEME_BOLGESI,FIB_ABSOLUTE_BOTTOM
BARMA,61.75,IZLE,55,100,IZLEME_BOLGESI,FIB_ABSOLUTE_BOTTOM
TEZOL,61.75,IZLE,55,100,IZLEME_BOLGESI,FIB_ABSOLUTE_BOTTOM
BTCIM,61.75,IZLE,55,100,IZLEME_BOLGESI,FIB_ABSOLUTE_BOTTOM
ARZUM,61.75,IZLE,55,100,IZLEME_BOLGESI,FIB_ABSOLUTE_BOTTOM
BURVA,60.55,IZLE,58,75,IZLEME_BOLGESI,FIB_EARLY_REBOUND
TMSN,60.05,IZLE,53,100,IZLEME_BOLGESI,FIB_ABSOLUTE_BOTTOM
UNLU,59.2,IZLE,52,100,IZLEME_BOLGESI,FIB_ABSOLUTE_BOTTOM
MEPET,59.2,IZLE,52,100,IZLEME_BOLGESI,FIB_ABSOLUTE_BOTTOM
KATMR,59.2,IZLE,52,100,IZLEME_BOLGESI,FIB_ABSOLUTE_BOTTOM
ATAGY,59.2,IZLE,52,100,IZLEME_BOLGESI,FIB_ABSOLUTE_BOTTOM
A1CAP,59.2,IZLE,52,100,IZLEME_BOLGESI,FIB_ABSOLUTE_BOTTOM
VRGYO,59.2,IZLE,52,100,IZLEME_BOLGESI,FIB_ABSOLUTE_BOTTOM
EUYO,58.35,IZLE,51,100,IZLEME_BOLGESI,FIB_ABSOLUTE_BOTTOM
BANVT,58.0,IZLE,55,75,IZLEME_BOLGESI,FIB_EARLY_REBOUND
ERBOS,57.5,IZLE,50,100,IZLEME_BOLGESI,FIB_ABSOLUTE_BOTTOM
ZEDUR,57.5,IZLE,50,100,IZLEME_BOLGESI,FIB_ABSOLUTE_BOTTOM
SAHOL,57.5,IZLE,50,100,IZLEME_BOLGESI,FIB_ABSOLUTE_BOTTOM
BFREN,57.5,IZLE,50,100,IZLEME_BOLGESI,FIB_ABSOLUTE_BOTTOM
KAYSE,57.5,IZLE,50,100,IZLEME_BOLGESI,FIB_ABSOLUTE_BOTTOM
SAMAT,57.5,IZLE,50,100,IZLEME_BOLGESI,FIB_ABSOLUTE_BOTTOM
QNBTR,57.5,IZLE,50,100,IZLEME_BOLGESI,FIB_ABSOLUTE_BOTTOM
BEGYO,57.5,IZLE,50,100,IZLEME_BOLGESI,FIB_ABSOLUTE_BOTTOM
PKENT,57.5,IZLE,50,100,IZLEME_BOLGESI,FIB_ABSOLUTE_BOTTOM
PGSUS,57.5,IZLE,50,100,IZLEME_BOLGESI,FIB_ABSOLUTE_BOTTOM
YBTAS,55.8,IZLE,48,100,DIP_DEGIL,FIB_ABSOLUTE_BOTTOM
COSMO,55.8,IZLE,48,100,DIP_DEGIL,FIB_ABSOLUTE_BOTTOM
TTRAK,55.8,IZLE,48,100,DIP_DEGIL,FIB_ABSOLUTE_BOTTOM
YAPRK,55.8,IZLE,48,100,DIP_DEGIL,FIB_ABSOLUTE_BOTTOM
IHLAS,55.8,IZLE,48,100,DIP_DEGIL,FIB_ABSOLUTE_BOTTOM
RYSAS,55.45,IZLE,52,75,IZLEME_BOLGESI,FIB_EARLY_REBOUND
MAALT,55.45,IZLE,52,75,IZLEME_BOLGESI,FIB_EARLY_REBOUND
AKYHO,54.95,IZLE,47,100,DIP_DEGIL,FIB_ABSOLUTE_BOTTOM
PSDTC,53.75,IZLE,50,75,IZLEME_BOLGESI,FIB_EARLY_REBOUND
VSNMD,53.75,IZLE,50,75,IZLEME_BOLGESI,FIB_EARLY_REBOUND
MEGAP,53.25,IZLE,45,100,DIP_DEGIL,FIB_ABSOLUTE_BOTTOM
KRGYO,53.25,IZLE,45,100,DIP_DEGIL,FIB_ABSOLUTE_BOTTOM
POLTK,53.25,IZLE,45,100,DIP_DEGIL,FIB_ABSOLUTE_BOTTOM
ARENA,53.25,IZLE,45,100,DIP_DEGIL,FIB_ABSOLUTE_BOTTOM
HATEK,52.9,IZLE,49,75,DIP_DEGIL,FIB_EARLY_REBOUND
HTTBT,52.4,IZLE,44,100,DIP_DEGIL,FIB_ABSOLUTE_BOTTOM
EKIZ,52.4,IZLE,44,100,DIP_DEGIL,FIB_ABSOLUTE_BOTTOM
DOKTA,52.4,IZLE,44,100,DIP_DEGIL,FIB_ABSOLUTE_BOTTOM
SKBNK,52.05,IZLE,48,75,DIP_DEGIL,FIB_EARLY_REBOUND
SAFKR,51.55,IZLE,43,100,DIP_DEGIL,FIB_ABSOLUTE_BOTTOM
KLNMA,50.7,IZLE,42,100,DIP_DEGIL,FIB_ABSOLUTE_BOTTOM
GARAN,50.7,IZLE,42,100,DIP_DEGIL,FIB_ABSOLUTE_BOTTOM
DITAS,50.7,IZLE,42,100,DIP_DEGIL,FIB_ABSOLUTE_BOTTOM
MERIT,50.2,IZLE,52,40,IZLEME_BOLGESI,FIB_MID_ZONE
DGNMO,49.95,BEKLE,57,10,IZLEME_BOLGESI,FIB_HIGH_ZONE
OYYAT,49.0,BEKLE,40,100,DIP_DEGIL,FIB_ABSOLUTE_BOTTOM
YIGIT,49.0,BEKLE,40,100,DIP_DEGIL,FIB_ABSOLUTE_BOTTOM
KONKA,49.0,BEKLE,40,100,DIP_DEGIL,FIB_ABSOLUTE_BOTTOM
KLKIM,49.0,BEKLE,40,100,DIP_DEGIL,FIB_ABSOLUTE_BOTTOM
IHGZT,49.0,BEKLE,40,100,DIP_DEGIL,FIB_ABSOLUTE_BOTTOM
ULKER,49.0,BEKLE,40,100,DIP_DEGIL,FIB_ABSOLUTE_BOTTOM
BRLSM,49.0,BEKLE,40,100,DIP_DEGIL,FIB_ABSOLUTE_BOTTOM
FRMPL,49.0,BEKLE,40,100,DIP_DEGIL,FIB_ABSOLUTE_BOTTOM
ZERGY,49.0,BEKLE,40,100,DIP_DEGIL,FIB_ABSOLUTE_BOTTOM
OTKAR,48.65,BEKLE,44,75,DIP_DEGIL,FIB_EARLY_REBOUND
SMRVA,47.3,BEKLE,38,100,DIP_DEGIL,FIB_ABSOLUTE_BOTTOM
AYCES,47.3,BEKLE,38,100,DIP_DEGIL,FIB_ABSOLUTE_BOTTOM
MERKO,47.3,BEKLE,38,100,DIP_DEGIL,FIB_ABSOLUTE_BOTTOM
ISSEN,46.45,BEKLE,37,100,DIP_DEGIL,FIB_ABSOLUTE_BOTTOM
EKOS,46.45,BEKLE,37,100,DIP_DEGIL,FIB_ABSOLUTE_BOTTOM
RAYSG,46.45,BEKLE,37,100,DIP_DEGIL,FIB_ABSOLUTE_BOTTOM
NIBAS,46.45,BEKLE,37,100,DIP_DEGIL,FIB_ABSOLUTE_BOTTOM
SELVA,46.45,BEKLE,37,100,DIP_DEGIL,FIB_ABSOLUTE_BOTTOM
DERIM,45.25,BEKLE,40,75,DIP_DEGIL,FIB_EARLY_REBOUND
ORMA,45.25,BEKLE,40,75,DIP_DEGIL,FIB_EARLY_REBOUND
LUKSK,45.25,BEKLE,40,75,DIP_DEGIL,FIB_EARLY_REBOUND
TEKTU,44.75,BEKLE,35,100,DIP_DEGIL,FIB_ABSOLUTE_BOTTOM
ALVES,44.75,BEKLE,35,100,DIP_DEGIL,FIB_ABSOLUTE_BOTTOM
BLUME,44.75,BEKLE,35,100,DIP_DEGIL,FIB_ABSOLUTE_BOTTOM
SNGYO,44.75,BEKLE,35,100,DIP_DEGIL,FIB_ABSOLUTE_BOTTOM
CEMAS,44.75,BEKLE,35,100,DIP_DEGIL,FIB_ABSOLUTE_BOTTOM
RTALB,44.75,BEKLE,35,100,DIP_DEGIL,FIB_ABSOLUTE_BOTTOM
CLEBI,44.75,BEKLE,35,100,DIP_DEGIL,FIB_ABSOLUTE_BOTTOM
BMSCH,44.75,BEKLE,35,100,DIP_DEGIL,FIB_ABSOLUTE_BOTTOM
CANTE,44.75,BEKLE,35,100,DIP_DEGIL,FIB_ABSOLUTE_BOTTOM
FLAP,44.75,BEKLE,35,100,DIP_DEGIL,FIB_ABSOLUTE_BOTTOM
CEOEM,44.25,BEKLE,45,40,DIP_DEGIL,FIB_MID_ZONE
DOFRB,44.0,BEKLE,50,10,IZLEME_BOLGESI,FIB_HIGH_ZONE
TUKAS,43.9,BEKLE,34,100,DIP_DEGIL,FIB_ABSOLUTE_BOTTOM
GLRYH,43.9,BEKLE,34,100,DIP_DEGIL,FIB_ABSOLUTE_BOTTOM
MHRGY,43.9,BEKLE,34,100,DIP_DEGIL,FIB_ABSOLUTE_BOTTOM
OZKGY,43.55,BEKLE,38,75,DIP_DEGIL,FIB_EARLY_REBOUND
ISBIR,43.05,BEKLE,33,100,DIP_DEGIL,FIB_ABSOLUTE_BOTTOM
DNISI,42.7,BEKLE,37,75,DIP_DEGIL,FIB_EARLY_REBOUND
LKMNH,42.2,BEKLE,32,100,DIP_DEGIL,FIB_ABSOLUTE_BOTTOM
BESLR,42.2,BEKLE,32,100,DIP_DEGIL,FIB_ABSOLUTE_BOTTOM
AFYON,42.2,BEKLE,32,100,DIP_DEGIL,FIB_ABSOLUTE_BOTTOM
BNTAS,42.2,BEKLE,32,100,DIP_DEGIL,FIB_ABSOLUTE_BOTTOM
ADESE,42.2,BEKLE,32,100,DIP_DEGIL,FIB_ABSOLUTE_BOTTOM
KUYAS,41.7,BEKLE,42,40,DIP_DEGIL,FIB_MID_ZONE
SDTTR,41.7,BEKLE,42,40,DIP_DEGIL,FIB_MID_ZONE
KAPLM,41.0,BEKLE,35,75,DIP_DEGIL,FIB_EARLY_REBOUND
AZTEK,41.0,BEKLE,35,75,DIP_DEGIL,FIB_EARLY_REBOUND
FMIZP,41.0,BEKLE,35,75,DIP_DEGIL,FIB_EARLY_REBOUND
BIOEN,41.0,BEKLE,35,75,DIP_DEGIL,FIB_EARLY_REBOUND
KRVGD,40.5,BEKLE,30,100,DIP_DEGIL,FIB_ABSOLUTE_BOTTOM
ENTRA,40.5,BEKLE,30,100,DIP_DEGIL,FIB_ABSOLUTE_BOTTOM
BIZIM,40.5,BEKLE,30,100,DIP_DEGIL,FIB_ABSOLUTE_BOTTOM
SNICA,40.5,BEKLE,30,100,DIP_DEGIL,FIB_ABSOLUTE_BOTTOM
TSGYO,40.5,BEKLE,30,100,DIP_DEGIL,FIB_ABSOLUTE_BOTTOM
RUZYE,40.5,BEKLE,30,100,DIP_DEGIL,FIB_ABSOLUTE_BOTTOM
ALKA,40.5,BEKLE,30,100,DIP_DEGIL,FIB_ABSOLUTE_BOTTOM
KOTON,40.5,BEKLE,30,100,DIP_DEGIL,FIB_ABSOLUTE_BOTTOM
SNPAM,40.5,BEKLE,30,100,DIP_DEGIL,FIB_ABSOLUTE_BOTTOM
GOODY,40.5,BEKLE,30,100,DIP_DEGIL,FIB_ABSOLUTE_BOTTOM
OBAMS,40.5,BEKLE,30,100,DIP_DEGIL,FIB_ABSOLUTE_BOTTOM
ZOREN,40.5,BEKLE,30,100,DIP_DEGIL,FIB_ABSOLUTE_BOTTOM
VAKBN,40.5,BEKLE,30,100,DIP_DEGIL,FIB_ABSOLUTE_BOTTOM
MEYSU,40.5,BEKLE,30,100,DIP_DEGIL,FIB_ABSOLUTE_BOTTOM
ANGEN,40.5,BEKLE,30,100,DIP_DEGIL,FIB_ABSOLUTE_BOTTOM
PRKME,40.5,BEKLE,30,100,DIP_DEGIL,FIB_ABSOLUTE_BOTTOM
KLMSN,40.5,BEKLE,30,100,DIP_DEGIL,FIB_ABSOLUTE_BOTTOM
IHLGM,40.5,BEKLE,30,100,DIP_DEGIL,FIB_ABSOLUTE_BOTTOM
VKFYO,40.5,BEKLE,30,100,DIP_DEGIL,FIB_ABSOLUTE_BOTTOM
HUBVC,40.5,BEKLE,30,100,DIP_DEGIL,FIB_ABSOLUTE_BOTTOM
IHEVA,40.5,BEKLE,30,100,DIP_DEGIL,FIB_ABSOLUTE_BOTTOM
OSTIM,40.5,BEKLE,30,100,DIP_DEGIL,FIB_ABSOLUTE_BOTTOM
YAYLA,40.5,BEKLE,30,100,DIP_DEGIL,FIB_ABSOLUTE_BOTTOM
GLRMK,40.5,BEKLE,30,100,DIP_DEGIL,FIB_ABSOLUTE_BOTTOM
BRKO,40.15,BEKLE,34,75,DIP_DEGIL,FIB_EARLY_REBOUND
AYES,39.75,BEKLE,45,10,DIP_DEGIL,FIB_HIGH_ZONE
MACKO,38.8,BEKLE,28,100,DIP_DEGIL,FIB_ABSOLUTE_BOTTOM
BASGZ,38.45,BEKLE,32,75,DIP_DEGIL,FIB_EARLY_REBOUND
A1YEN,38.45,BEKLE,32,75,DIP_DEGIL,FIB_EARLY_REBOUND
SKTAS,38.45,BEKLE,32,75,DIP_DEGIL,FIB_EARLY_REBOUND
SEGMN,38.45,BEKLE,32,75,DIP_DEGIL,FIB_EARLY_REBOUND
KUTPO,37.95,BEKLE,27,100,DIP_DEGIL,FIB_ABSOLUTE_BOTTOM
KSTUR,37.95,BEKLE,27,100,DIP_DEGIL,FIB_ABSOLUTE_BOTTOM
ALTIN,37.95,BEKLE,27,100,DIP_DEGIL,FIB_ABSOLUTE_BOTTOM
SKYLP,36.75,BEKLE,30,75,DIP_DEGIL,FIB_EARLY_REBOUND
DOAS,36.75,BEKLE,30,75,DIP_DEGIL,FIB_EARLY_REBOUND
PENGD,36.75,BEKLE,30,75,DIP_DEGIL,FIB_EARLY_REBOUND
BORSK,36.75,BEKLE,30,75,DIP_DEGIL,FIB_EARLY_REBOUND
HURGZ,36.75,BEKLE,30,75,DIP_DEGIL,FIB_EARLY_REBOUND
DIRIT,36.75,BEKLE,30,75,DIP_DEGIL,FIB_EARLY_REBOUND
PATEK,36.75,BEKLE,30,75,DIP_DEGIL,FIB_EARLY_REBOUND
UCAYM,36.75,BEKLE,30,75,DIP_DEGIL,FIB_EARLY_REBOUND
BIENY,36.75,BEKLE,30,75,DIP_DEGIL,FIB_EARLY_REBOUND
HKTM,36.25,BEKLE,25,100,DIP_DEGIL,FIB_ABSOLUTE_BOTTOM
IZINV,36.25,BEKLE,25,100,DIP_DEGIL,FIB_ABSOLUTE_BOTTOM
SODSN,36.25,BEKLE,25,100,DIP_DEGIL,FIB_ABSOLUTE_BOTTOM
EUREN,36.25,BEKLE,25,100,DIP_DEGIL,FIB_ABSOLUTE_BOTTOM
FROTO,36.25,BEKLE,25,100,DIP_DEGIL,FIB_ABSOLUTE_BOTTOM
MNDTR,36.25,BEKLE,25,100,DIP_DEGIL,FIB_ABSOLUTE_BOTTOM
TUREX,36.25,BEKLE,25,100,DIP_DEGIL,FIB_ABSOLUTE_BOTTOM
KONYA,36.25,BEKLE,25,100,DIP_DEGIL,FIB_ABSOLUTE_BOTTOM
ONRYT,36.25,BEKLE,25,100,DIP_DEGIL,FIB_ABSOLUTE_BOTTOM
KIMMR,36.25,BEKLE,25,100,DIP_DEGIL,FIB_ABSOLUTE_BOTTOM
HOROZ,36.25,BEKLE,25,100,DIP_DEGIL,FIB_ABSOLUTE_BOTTOM
TSKB,36.25,BEKLE,25,100,DIP_DEGIL,FIB_ABSOLUTE_BOTTOM
SARKY,36.25,BEKLE,25,100,DIP_DEGIL,FIB_ABSOLUTE_BOTTOM
BLCYT,36.25,BEKLE,25,100,DIP_DEGIL,FIB_ABSOLUTE_BOTTOM
AVOD,36.25,BEKLE,25,100,DIP_DEGIL,FIB_ABSOLUTE_BOTTOM
OTTO,36.25,BEKLE,25,100,DIP_DEGIL,FIB_ABSOLUTE_BOTTOM
BINBN,35.75,BEKLE,35,40,DIP_DEGIL,FIB_MID_ZONE
ASGYO,35.75,BEKLE,35,40,DIP_DEGIL,FIB_MID_ZONE
INTEM,34.55,BEKLE,23,100,DIP_DEGIL,FIB_ABSOLUTE_BOTTOM
PAPIL,34.55,BEKLE,23,100,DIP_DEGIL,FIB_ABSOLUTE_BOTTOM
ISFIN,34.2,BEKLE,27,75,DIP_DEGIL,FIB_EARLY_REBOUND
RNPOL,34.2,BEKLE,27,75,DIP_DEGIL,FIB_EARLY_REBOUND
KLSER,33.7,BEKLE,22,100,DIP_DEGIL,FIB_ABSOLUTE_BOTTOM
ESEN,33.7,BEKLE,22,100,DIP_DEGIL,FIB_ABSOLUTE_BOTTOM
TUCLK,33.7,BEKLE,22,100,DIP_DEGIL,FIB_ABSOLUTE_BOTTOM
BUCIM,33.7,BEKLE,22,100,DIP_DEGIL,FIB_ABSOLUTE_BOTTOM
MTRYO,33.2,BEKLE,32,40,DIP_DEGIL,FIB_MID_ZONE
EDIP,32.5,BEKLE,25,75,DIP_DEGIL,FIB_EARLY_REBOUND
MEGMT,32.5,BEKLE,25,75,DIP_DEGIL,FIB_EARLY_REBOUND
SASA,32.5,BEKLE,25,75,DIP_DEGIL,FIB_EARLY_REBOUND
KNFRT,32.5,BEKLE,25,75,DIP_DEGIL,FIB_EARLY_REBOUND
ISKPL,32.5,BEKLE,25,75,DIP_DEGIL,FIB_EARLY_REBOUND
SMART,32.0,BEKLE,20,100,DIP_DEGIL,FIB_ABSOLUTE_BOTTOM
BRKSN,32.0,BEKLE,20,100,DIP_DEGIL,FIB_ABSOLUTE_BOTTOM
YKSLN,32.0,BEKLE,20,100,DIP_DEGIL,FIB_ABSOLUTE_BOTTOM
ADGYO,32.0,BEKLE,20,100,DIP_DEGIL,FIB_ABSOLUTE_BOTTOM
PAHOL,32.0,BEKLE,20,100,DIP_DEGIL,FIB_ABSOLUTE_BOTTOM
HEKTS,32.0,BEKLE,20,100,DIP_DEGIL,FIB_ABSOLUTE_BOTTOM
DAPGM,32.0,BEKLE,20,100,DIP_DEGIL,FIB_ABSOLUTE_BOTTOM
BAGFS,32.0,BEKLE,20,100,DIP_DEGIL,FIB_ABSOLUTE_BOTTOM
ENSRI,32.0,BEKLE,20,100,DIP_DEGIL,FIB_ABSOLUTE_BOTTOM
BURCE,32.0,BEKLE,20,100,DIP_DEGIL,FIB_ABSOLUTE_BOTTOM
MNDRS,32.0,BEKLE,20,100,DIP_DEGIL,FIB_ABSOLUTE_BOTTOM
CMBTN,32.0,BEKLE,20,100,DIP_DEGIL,FIB_ABSOLUTE_BOTTOM
ULUFA,32.0,BEKLE,20,100,DIP_DEGIL,FIB_ABSOLUTE_BOTTOM
PAMEL,32.0,BEKLE,20,100,DIP_DEGIL,FIB_ABSOLUTE_BOTTOM
IMASM,32.0,BEKLE,20,100,DIP_DEGIL,FIB_ABSOLUTE_BOTTOM
RUBNS,32.0,BEKLE,20,100,DIP_DEGIL,FIB_ABSOLUTE_BOTTOM
EPLAS,32.0,BEKLE,20,100,DIP_DEGIL,FIB_ABSOLUTE_BOTTOM
LYDHO,32.0,BEKLE,20,100,DIP_DEGIL,FIB_ABSOLUTE_BOTTOM
USAK,32.0,BEKLE,20,100,DIP_DEGIL,FIB_ABSOLUTE_BOTTOM
GSRAY,32.0,BEKLE,20,100,DIP_DEGIL,FIB_ABSOLUTE_BOTTOM
NATEN,32.0,BEKLE,20,100,DIP_DEGIL,FIB_ABSOLUTE_BOTTOM
DARDL,32.0,BEKLE,20,100,DIP_DEGIL,FIB_ABSOLUTE_BOTTOM
GENTS,32.0,BEKLE,20,100,DIP_DEGIL,FIB_ABSOLUTE_BOTTOM
ERCB,32.0,BEKLE,20,100,DIP_DEGIL,FIB_ABSOLUTE_BOTTOM
VAKFN,32.0,BEKLE,20,100,DIP_DEGIL,FIB_ABSOLUTE_BOTTOM
LMKDC,32.0,BEKLE,20,100,DIP_DEGIL,FIB_ABSOLUTE_BOTTOM
MARMR,32.0,BEKLE,20,100,DIP_DEGIL,FIB_ABSOLUTE_BOTTOM
YYLGD,32.0,BEKLE,20,100,DIP_DEGIL,FIB_ABSOLUTE_BOTTOM
AKGRT,32.0,BEKLE,20,100,DIP_DEGIL,FIB_ABSOLUTE_BOTTOM
JANTS,32.0,BEKLE,20,100,DIP_DEGIL,FIB_ABSOLUTE_BOTTOM
VAKKO,32.0,BEKLE,20,100,DIP_DEGIL,FIB_ABSOLUTE_BOTTOM
ADEL,32.0,BEKLE,20,100,DIP_DEGIL,FIB_ABSOLUTE_BOTTOM
INGRM,32.0,BEKLE,20,100,DIP_DEGIL,FIB_ABSOLUTE_BOTTOM
VAKFA,32.0,BEKLE,20,100,DIP_DEGIL,FIB_ABSOLUTE_BOTTOM
CASA,32.0,BEKLE,20,100,DIP_DEGIL,FIB_ABSOLUTE_BOTTOM
TRALT,31.5,BEKLE,30,40,DIP_DEGIL,FIB_MID_ZONE
IDGYO,31.5,BEKLE,30,40,DIP_DEGIL,FIB_MID_ZONE
ESCOM,31.5,BEKLE,30,40,DIP_DEGIL,FIB_MID_ZONE
GZNMI,31.5,BEKLE,30,40,DIP_DEGIL,FIB_MID_ZONE
LINK,31.5,BEKLE,30,40,DIP_DEGIL,FIB_MID_ZONE
CGCAM,31.5,BEKLE,30,40,DIP_DEGIL,FIB_MID_ZONE
MARBL,31.5,BEKLE,30,40,DIP_DEGIL,FIB_MID_ZONE
TRGYO,31.25,BEKLE,35,10,DIP_DEGIL,FIB_HIGH_ZONE
THYAO,31.25,BEKLE,35,10,DIP_DEGIL,FIB_HIGH_ZONE
DMLKT,31.25,BEKLE,35,10,DIP_DEGIL,FIB_HIGH_ZONE
TTKOM,30.3,BEKLE,18,100,DIP_DEGIL,FIB_ABSOLUTE_BOTTOM
ALGYO,30.3,BEKLE,18,100,DIP_DEGIL,FIB_ABSOLUTE_BOTTOM
KAREL,29.95,BEKLE,22,75,DIP_DEGIL,FIB_EARLY_REBOUND
GLBMD,29.8,BEKLE,28,40,DIP_DEGIL,FIB_MID_ZONE
NUHCM,29.45,BEKLE,17,100,DIP_DEGIL,FIB_ABSOLUTE_BOTTOM
MPARK,29.45,BEKLE,17,100,DIP_DEGIL,FIB_ABSOLUTE_BOTTOM
RODRG,28.95,BEKLE,27,40,DIP_DEGIL,FIB_MID_ZONE
SERNT,28.95,BEKLE,27,40,DIP_DEGIL,FIB_MID_ZONE
GLYHO,28.7,BEKLE,32,10,DIP_DEGIL,FIB_HIGH_ZONE
MARTI,28.25,BEKLE,20,75,DIP_DEGIL,FIB_EARLY_REBOUND
EMNIS,28.25,BEKLE,20,75,DIP_DEGIL,FIB_EARLY_REBOUND
MMCAS,28.25,BEKLE,20,75,DIP_DEGIL,FIB_EARLY_REBOUND
AKENR,28.25,BEKLE,20,75,DIP_DEGIL,FIB_EARLY_REBOUND
VKING,28.25,BEKLE,20,75,DIP_DEGIL,FIB_EARLY_REBOUND
LIDFA,28.25,BEKLE,20,75,DIP_DEGIL,FIB_EARLY_REBOUND
SISE,28.25,BEKLE,20,75,DIP_DEGIL,FIB_EARLY_REBOUND
GEDZA,28.25,BEKLE,20,75,DIP_DEGIL,FIB_EARLY_REBOUND
EGGUB,28.25,BEKLE,20,75,DIP_DEGIL,FIB_EARLY_REBOUND
SAYAS,28.25,BEKLE,20,75,DIP_DEGIL,FIB_EARLY_REBOUND
MRSHL,28.25,BEKLE,20,75,DIP_DEGIL,FIB_EARLY_REBOUND
ALFAS,28.25,BEKLE,20,75,DIP_DEGIL,FIB_EARLY_REBOUND
IZENR,28.25,BEKLE,20,75,DIP_DEGIL,FIB_EARLY_REBOUND
DENGE,28.25,BEKLE,20,75,DIP_DEGIL,FIB_EARLY_REBOUND
KFEIN,28.25,BEKLE,20,75,DIP_DEGIL,FIB_EARLY_REBOUND
ANHYT,28.25,BEKLE,20,75,DIP_DEGIL,FIB_EARLY_REBOUND
MIATK,27.75,BEKLE,15,100,DIP_DEGIL,FIB_ABSOLUTE_BOTTOM
KONTR,27.75,BEKLE,15,100,DIP_DEGIL,FIB_ABSOLUTE_BOTTOM
BRISA,27.75,BEKLE,15,100,DIP_DEGIL,FIB_ABSOLUTE_BOTTOM
EUHOL,27.75,BEKLE,15,100,DIP_DEGIL,FIB_ABSOLUTE_BOTTOM
VESBE,27.75,BEKLE,15,100,DIP_DEGIL,FIB_ABSOLUTE_BOTTOM
ASUZU,27.75,BEKLE,15,100,DIP_DEGIL,FIB_ABSOLUTE_BOTTOM
EMKEL,27.75,BEKLE,15,100,DIP_DEGIL,FIB_ABSOLUTE_BOTTOM
MZHLD,27.75,BEKLE,15,100,DIP_DEGIL,FIB_ABSOLUTE_BOTTOM
DOFER,27.75,BEKLE,15,100,DIP_DEGIL,FIB_ABSOLUTE_BOTTOM
CONSE,27.75,BEKLE,15,100,DIP_DEGIL,FIB_ABSOLUTE_BOTTOM
BEYAZ,27.75,BEKLE,15,100,DIP_DEGIL,FIB_ABSOLUTE_BOTTOM
LRSHO,27.75,BEKLE,15,100,DIP_DEGIL,FIB_ABSOLUTE_BOTTOM
MOPAS,27.75,BEKLE,15,100,DIP_DEGIL,FIB_ABSOLUTE_BOTTOM
KZGYO,27.75,BEKLE,15,100,DIP_DEGIL,FIB_ABSOLUTE_BOTTOM
PNSUT,27.75,BEKLE,15,100,DIP_DEGIL,FIB_ABSOLUTE_BOTTOM
MRGYO,27.75,BEKLE,15,100,DIP_DEGIL,FIB_ABSOLUTE_BOTTOM
DYOBY,27.75,BEKLE,15,100,DIP_DEGIL,FIB_ABSOLUTE_BOTTOM
TURGG,27.75,BEKLE,15,100,DIP_DEGIL,FIB_ABSOLUTE_BOTTOM
CUSAN,27.25,BEKLE,25,40,DIP_DEGIL,FIB_MID_ZONE
ENJSA,27.25,BEKLE,25,40,DIP_DEGIL,FIB_MID_ZONE
SMRTG,27.0,BEKLE,30,10,DIP_DEGIL,FIB_HIGH_ZONE
ERSU,27.0,BEKLE,30,10,DIP_DEGIL,FIB_HIGH_ZONE
ISDMR,27.0,BEKLE,30,10,DIP_DEGIL,FIB_HIGH_ZONE
INTEK,27.0,BEKLE,30,10,DIP_DEGIL,FIB_HIGH_ZONE
KCAER,27.0,BEKLE,30,10,DIP_DEGIL,FIB_HIGH_ZONE
NETCD,27.0,BEKLE,30,10,DIP_DEGIL,FIB_HIGH_ZONE
TRENJ,27.0,BEKLE,30,10,DIP_DEGIL,FIB_HIGH_ZONE
KUVVA,27.0,BEKLE,30,10,DIP_DEGIL,FIB_HIGH_ZONE
ECOGR,27.0,BEKLE,30,10,DIP_DEGIL,FIB_HIGH_ZONE
KLSYN,27.0,BEKLE,30,10,DIP_DEGIL,FIB_HIGH_ZONE
DGATE,27.0,BEKLE,30,10,DIP_DEGIL,FIB_HIGH_ZONE
KRPLS,27.0,BEKLE,30,10,DIP_DEGIL,FIB_HIGH_ZONE
GENIL,27.0,BEKLE,30,10,DIP_DEGIL,FIB_HIGH_ZONE
DURDO,27.0,BEKLE,30,10,DIP_DEGIL,FIB_HIGH_ZONE
OZGYO,27.0,BEKLE,30,10,DIP_DEGIL,FIB_HIGH_ZONE
YEOTK,27.0,BEKLE,30,10,DIP_DEGIL,FIB_HIGH_ZONE
CMENT,26.05,BEKLE,13,100,DIP_DEGIL,FIB_ABSOLUTE_BOTTOM
SEGYO,26.05,BEKLE,13,100,DIP_DEGIL,FIB_ABSOLUTE_BOTTOM
KLRHO,25.2,BEKLE,12,100,DIP_DEGIL,FIB_ABSOLUTE_BOTTOM
VERUS,24.45,BEKLE,27,10,DIP_DEGIL,FIB_HIGH_ZONE
KRONT,24.45,BEKLE,27,10,DIP_DEGIL,FIB_HIGH_ZONE
ELITE,24.0,BEKLE,15,75,DIP_DEGIL,FIB_EARLY_REBOUND
GRSEL,24.0,BEKLE,15,75,DIP_DEGIL,FIB_EARLY_REBOUND
AKMGY,24.0,BEKLE,15,75,DIP_DEGIL,FIB_EARLY_REBOUND
BVSAN,24.0,BEKLE,15,75,DIP_DEGIL,FIB_EARLY_REBOUND
NTGAZ,24.0,BEKLE,15,75,DIP_DEGIL,FIB_EARLY_REBOUND
AYDEM,24.0,BEKLE,15,75,DIP_DEGIL,FIB_EARLY_REBOUND
AVHOL,24.0,BEKLE,15,75,DIP_DEGIL,FIB_EARLY_REBOUND
PRKAB,23.5,BEKLE,10,100,DIP_DEGIL,FIB_ABSOLUTE_BOTTOM
GOLTS,23.5,BEKLE,10,100,DIP_DEGIL,FIB_ABSOLUTE_BOTTOM
TBORG,23.5,BEKLE,10,100,DIP_DEGIL,FIB_ABSOLUTE_BOTTOM
PENTA,23.5,BEKLE,10,100,DIP_DEGIL,FIB_ABSOLUTE_BOTTOM
ULAS,23.5,BEKLE,10,100,DIP_DEGIL,FIB_ABSOLUTE_BOTTOM
NUGYO,23.5,BEKLE,10,100,DIP_DEGIL,FIB_ABSOLUTE_BOTTOM
IHAAS,23.5,BEKLE,10,100,DIP_DEGIL,FIB_ABSOLUTE_BOTTOM
TRILC,23.5,BEKLE,10,100,DIP_DEGIL,FIB_ABSOLUTE_BOTTOM
MSGYO,23.5,BEKLE,10,100,DIP_DEGIL,FIB_ABSOLUTE_BOTTOM
TERA,23.5,BEKLE,10,100,DIP_DEGIL,FIB_ABSOLUTE_BOTTOM
SONME,23.5,BEKLE,10,100,DIP_DEGIL,FIB_ABSOLUTE_BOTTOM
TDGYO,23.0,BEKLE,20,40,DIP_DEGIL,FIB_MID_ZONE
TOASO,23.0,BEKLE,20,40,DIP_DEGIL,FIB_MID_ZONE
TATEN,23.0,BEKLE,20,40,DIP_DEGIL,FIB_MID_ZONE
ENDAE,23.0,BEKLE,20,40,DIP_DEGIL,FIB_MID_ZONE
TNZTP,23.0,BEKLE,20,40,DIP_DEGIL,FIB_MID_ZONE
HRKET,23.0,BEKLE,20,40,DIP_DEGIL,FIB_MID_ZONE
TRMET,23.0,BEKLE,20,40,DIP_DEGIL,FIB_MID_ZONE
BOBET,23.0,BEKLE,20,40,DIP_DEGIL,FIB_MID_ZONE
PRDGS,23.0,BEKLE,20,40,DIP_DEGIL,FIB_MID_ZONE
DURKN,23.0,BEKLE,20,40,DIP_DEGIL,FIB_MID_ZONE
EGPRO,23.0,BEKLE,20,40,DIP_DEGIL,FIB_MID_ZONE
ZRGYO,23.0,BEKLE,20,40,DIP_DEGIL,FIB_MID_ZONE
BIGCH,23.0,BEKLE,20,40,DIP_DEGIL,FIB_MID_ZONE
BALSU,23.0,BEKLE,20,40,DIP_DEGIL,FIB_MID_ZONE
ALKIM,23.0,BEKLE,20,40,DIP_DEGIL,FIB_MID_ZONE
ALTNY,23.0,BEKLE,20,40,DIP_DEGIL,FIB_MID_ZONE
GRTHO,23.0,BEKLE,20,40,DIP_DEGIL,FIB_MID_ZONE
DZGYO,23.0,BEKLE,20,40,DIP_DEGIL,FIB_MID_ZONE
VBTYZ,22.75,BEKLE,25,10,DIP_DEGIL,FIB_HIGH_ZONE
EREGL,22.75,BEKLE,25,10,DIP_DEGIL,FIB_HIGH_ZONE
ODAS,22.75,BEKLE,25,10,DIP_DEGIL,FIB_HIGH_ZONE
BOSSA,22.75,BEKLE,25,10,DIP_DEGIL,FIB_HIGH_ZONE
PAGYO,22.75,BEKLE,25,10,DIP_DEGIL,FIB_HIGH_ZONE
MTRKS,22.75,BEKLE,25,10,DIP_DEGIL,FIB_HIGH_ZONE
CEMZY,22.75,BEKLE,25,10,DIP_DEGIL,FIB_HIGH_ZONE
ARTMS,22.75,BEKLE,25,10,DIP_DEGIL,FIB_HIGH_ZONE
CVKMD,22.75,BEKLE,25,10,DIP_DEGIL,FIB_HIGH_ZONE
INFO,22.75,BEKLE,25,10,DIP_DEGIL,FIB_HIGH_ZONE
IZMDC,22.75,BEKLE,25,10,DIP_DEGIL,FIB_HIGH_ZONE
PSGYO,22.75,BEKLE,25,10,DIP_DEGIL,FIB_HIGH_ZONE
SUNTK,22.75,BEKLE,25,10,DIP_DEGIL,FIB_HIGH_ZONE
NTHOL,22.75,BEKLE,25,10,DIP_DEGIL,FIB_HIGH_ZONE
ATLAS,21.8,BEKLE,8,100,DIP_DEGIL,FIB_ABSOLUTE_BOTTOM
ACSEL,21.3,BEKLE,18,40,DIP_DEGIL,FIB_MID_ZONE
OYAKC,19.75,BEKLE,10,75,DIP_DEGIL,FIB_EARLY_REBOUND
TAVHL,19.75,BEKLE,10,75,DIP_DEGIL,FIB_EARLY_REBOUND
CIMSA,19.75,BEKLE,10,75,DIP_DEGIL,FIB_EARLY_REBOUND
EGSER,19.75,BEKLE,10,75,DIP_DEGIL,FIB_EARLY_REBOUND
GWIND,19.75,BEKLE,10,75,DIP_DEGIL,FIB_EARLY_REBOUND
HDFGS,19.75,BEKLE,10,75,DIP_DEGIL,FIB_EARLY_REBOUND
TMPOL,19.75,BEKLE,10,75,DIP_DEGIL,FIB_EARLY_REBOUND
OYLUM,19.75,BEKLE,10,75,DIP_DEGIL,FIB_EARLY_REBOUND
OYAYO,19.25,BEKLE,5,100,DIP_DEGIL,FIB_ABSOLUTE_BOTTOM
GUBRF,19.25,BEKLE,5,100,DIP_DEGIL,FIB_ABSOLUTE_BOTTOM
PETUN,19.25,BEKLE,5,100,DIP_DEGIL,FIB_ABSOLUTE_BOTTOM
EGEEN,19.25,BEKLE,5,100,DIP_DEGIL,FIB_ABSOLUTE_BOTTOM
FZLGY,19.25,BEKLE,5,100,DIP_DEGIL,FIB_ABSOLUTE_BOTTOM
AGROT,19.25,BEKLE,5,100,DIP_DEGIL,FIB_ABSOLUTE_BOTTOM
BALAT,19.25,BEKLE,5,100,DIP_DEGIL,FIB_ABSOLUTE_BOTTOM
BRYAT,19.25,BEKLE,5,100,DIP_DEGIL,FIB_ABSOLUTE_BOTTOM
GLCVY,19.25,BEKLE,5,100,DIP_DEGIL,FIB_ABSOLUTE_BOTTOM
ISMEN,19.25,BEKLE,5,100,DIP_DEGIL,FIB_ABSOLUTE_BOTTOM
YYAPI,19.25,BEKLE,5,100,DIP_DEGIL,FIB_ABSOLUTE_BOTTOM
ECILC,19.25,BEKLE,5,100,DIP_DEGIL,FIB_ABSOLUTE_BOTTOM
EYGYO,19.25,BEKLE,5,100,DIP_DEGIL,FIB_ABSOLUTE_BOTTOM
BESTE,18.75,BEKLE,15,40,DIP_DEGIL,FIB_MID_ZONE
GSDDE,18.75,BEKLE,15,40,DIP_DEGIL,FIB_MID_ZONE
ENERY,18.75,BEKLE,15,40,DIP_DEGIL,FIB_MID_ZONE
DESPC,18.75,BEKLE,15,40,DIP_DEGIL,FIB_MID_ZONE
LIDER,18.75,BEKLE,15,40,DIP_DEGIL,FIB_MID_ZONE
ARSAN,18.75,BEKLE,15,40,DIP_DEGIL,FIB_MID_ZONE
KTSKR,18.75,BEKLE,15,40,DIP_DEGIL,FIB_MID_ZONE
HLGYO,18.75,BEKLE,15,40,DIP_DEGIL,FIB_MID_ZONE
FADE,18.75,BEKLE,15,40,DIP_DEGIL,FIB_MID_ZONE
BAKAB,18.5,BEKLE,20,10,DIP_DEGIL,FIB_HIGH_ZONE
OSMEN,18.5,BEKLE,20,10,DIP_DEGIL,FIB_HIGH_ZONE
CRFSA,18.5,BEKLE,20,10,DIP_DEGIL,FIB_HIGH_ZONE
TRHOL,18.5,BEKLE,20,10,DIP_DEGIL,FIB_HIGH_ZONE
ARFYE,18.5,BEKLE,20,10,DIP_DEGIL,FIB_HIGH_ZONE
ECZYT,18.5,BEKLE,20,10,DIP_DEGIL,FIB_HIGH_ZONE
ATATR,18.5,BEKLE,20,10,DIP_DEGIL,FIB_HIGH_ZONE
KBORU,18.5,BEKLE,20,10,DIP_DEGIL,FIB_HIGH_ZONE
POLHO,18.5,BEKLE,20,10,DIP_DEGIL,FIB_HIGH_ZONE
AHSGY,18.5,BEKLE,20,10,DIP_DEGIL,FIB_HIGH_ZONE
ULUSE,18.5,BEKLE,20,10,DIP_DEGIL,FIB_HIGH_ZONE
TARKM,18.5,BEKLE,20,10,DIP_DEGIL,FIB_HIGH_ZONE
ASTOR,18.5,BEKLE,20,10,DIP_DEGIL,FIB_HIGH_ZONE
TATGD,18.5,BEKLE,20,10,DIP_DEGIL,FIB_HIGH_ZONE
METRO,18.5,BEKLE,20,10,DIP_DEGIL,FIB_HIGH_ZONE
NETAS,18.5,BEKLE,20,10,DIP_DEGIL,FIB_HIGH_ZONE
ARDYZ,18.5,BEKLE,20,10,DIP_DEGIL,FIB_HIGH_ZONE
FONET,18.5,BEKLE,20,10,DIP_DEGIL,FIB_HIGH_ZONE
BORLS,18.5,BEKLE,20,10,DIP_DEGIL,FIB_HIGH_ZONE
TEHOL,18.5,BEKLE,20,10,DIP_DEGIL,FIB_HIGH_ZONE
HATSN,18.5,BEKLE,20,10,DIP_DEGIL,FIB_HIGH_ZONE
SURGY,18.5,BEKLE,20,10,DIP_DEGIL,FIB_HIGH_ZONE
MOBTL,18.5,BEKLE,20,10,DIP_DEGIL,FIB_HIGH_ZONE
SKYMD,18.5,BEKLE,20,10,DIP_DEGIL,FIB_HIGH_ZONE
BIGEN,18.5,BEKLE,20,10,DIP_DEGIL,FIB_HIGH_ZONE
KRDMA,18.5,BEKLE,20,10,DIP_DEGIL,FIB_HIGH_ZONE
VANGD,18.5,BEKLE,20,10,DIP_DEGIL,FIB_HIGH_ZONE
EDATA,18.5,BEKLE,20,10,DIP_DEGIL,FIB_HIGH_ZONE
AKSUE,18.5,BEKLE,20,10,DIP_DEGIL,FIB_HIGH_ZONE
INDES,18.5,BEKLE,20,10,DIP_DEGIL,FIB_HIGH_ZONE
ORGE,18.5,BEKLE,20,10,DIP_DEGIL,FIB_HIGH_ZONE
KOCMT,18.5,BEKLE,20,10,DIP_DEGIL,FIB_HIGH_ZONE
KOPOL,18.5,BEKLE,20,10,DIP_DEGIL,FIB_HIGH_ZONE
GUNDG,18.5,BEKLE,20,10,DIP_DEGIL,FIB_HIGH_ZONE
CRDFA,18.5,BEKLE,20,10,DIP_DEGIL,FIB_HIGH_ZONE
QUAGR,18.5,BEKLE,20,10,DIP_DEGIL,FIB_HIGH_ZONE
INVES,18.5,BEKLE,20,10,DIP_DEGIL,FIB_HIGH_ZONE
SANEL,18.5,BEKLE,20,10,DIP_DEGIL,FIB_HIGH_ZONE
TRCAS,18.5,BEKLE,20,10,DIP_DEGIL,FIB_HIGH_ZONE
KGYO,18.5,BEKLE,20,10,DIP_DEGIL,FIB_HIGH_ZONE
KMPUR,18.5,BEKLE,20,10,DIP_DEGIL,FIB_HIGH_ZONE
ASELS,18.5,BEKLE,20,10,DIP_DEGIL,FIB_HIGH_ZONE
ODINE,18.5,BEKLE,20,10,DIP_DEGIL,FIB_HIGH_ZONE
ORCAY,17.05,BEKLE,13,40,DIP_DEGIL,FIB_MID_ZONE
MANAS,16.8,BEKLE,18,10,DIP_DEGIL,FIB_HIGH_ZONE
DCTTR,15.95,BEKLE,17,10,DIP_DEGIL,FIB_HIGH_ZONE
SUWEN,15.5,BEKLE,5,75,DIP_DEGIL,FIB_EARLY_REBOUND
ALBRK,15.5,BEKLE,5,75,DIP_DEGIL,FIB_EARLY_REBOUND
TSPOR,15.5,BEKLE,5,75,DIP_DEGIL,FIB_EARLY_REBOUND
BAHKM,15.5,BEKLE,5,75,DIP_DEGIL,FIB_EARLY_REBOUND
TCELL,15.5,BEKLE,5,75,DIP_DEGIL,FIB_EARLY_REBOUND
MAGEN,15.5,BEKLE,5,75,DIP_DEGIL,FIB_EARLY_REBOUND
MAVI,15.5,BEKLE,5,75,DIP_DEGIL,FIB_EARLY_REBOUND
REEDR,15.5,BEKLE,5,75,DIP_DEGIL,FIB_EARLY_REBOUND
ONCSM,15.5,BEKLE,5,75,DIP_DEGIL,FIB_EARLY_REBOUND
TABGD,15.5,BEKLE,5,75,DIP_DEGIL,FIB_EARLY_REBOUND
FRIGO,15.5,BEKLE,5,75,DIP_DEGIL,FIB_EARLY_REBOUND
ATAKP,15.5,BEKLE,5,75,DIP_DEGIL,FIB_EARLY_REBOUND
PLTUR,15.5,BEKLE,5,75,DIP_DEGIL,FIB_EARLY_REBOUND
AKFGY,15.5,BEKLE,5,75,DIP_DEGIL,FIB_EARLY_REBOUND
GARFA,15.5,BEKLE,5,75,DIP_DEGIL,FIB_EARLY_REBOUND
BAYRK,15.5,BEKLE,5,75,DIP_DEGIL,FIB_EARLY_REBOUND
LOGO,15.0,BEKLE,0,100,DIP_DEGIL,FIB_ABSOLUTE_BOTTOM
VESTL,15.0,BEKLE,0,100,DIP_DEGIL,FIB_ABSOLUTE_BOTTOM
ENKAI,15.0,BEKLE,0,100,DIP_DEGIL,FIB_ABSOLUTE_BOTTOM
PASEU,14.5,BEKLE,10,40,DIP_DEGIL,FIB_MID_ZONE
DMSAS,14.5,BEKLE,10,40,DIP_DEGIL,FIB_MID_ZONE
AGYO,14.5,BEKLE,10,40,DIP_DEGIL,FIB_MID_ZONE
SOKM,14.5,BEKLE,10,40,DIP_DEGIL,FIB_MID_ZONE
BRSAN,14.5,BEKLE,10,40,DIP_DEGIL,FIB_MID_ZONE
MGROS,14.5,BEKLE,10,40,DIP_DEGIL,FIB_MID_ZONE
AHGAZ,14.25,BEKLE,15,10,DIP_DEGIL,FIB_HIGH_ZONE
ANELE,14.25,BEKLE,15,10,DIP_DEGIL,FIB_HIGH_ZONE
AKSA,14.25,BEKLE,15,10,DIP_DEGIL,FIB_HIGH_ZONE
CELHA,14.25,BEKLE,15,10,DIP_DEGIL,FIB_HIGH_ZONE
BJKAS,14.25,BEKLE,15,10,DIP_DEGIL,FIB_HIGH_ZONE
AYGAZ,14.25,BEKLE,15,10,DIP_DEGIL,FIB_HIGH_ZONE
ULUUN,14.25,BEKLE,15,10,DIP_DEGIL,FIB_HIGH_ZONE
ALKLC,14.25,BEKLE,15,10,DIP_DEGIL,FIB_HIGH_ZONE
TUPRS,14.25,BEKLE,15,10,DIP_DEGIL,FIB_HIGH_ZONE
IEYHO,14.25,BEKLE,15,10,DIP_DEGIL,FIB_HIGH_ZONE
AVGYO,14.25,BEKLE,15,10,DIP_DEGIL,FIB_HIGH_ZONE
EGEPO,14.25,BEKLE,15,10,DIP_DEGIL,FIB_HIGH_ZONE
ISGYO,14.25,BEKLE,15,10,DIP_DEGIL,FIB_HIGH_ZONE
DAGI,14.25,BEKLE,15,10,DIP_DEGIL,FIB_HIGH_ZONE
EUKYO,14.25,BEKLE,15,10,DIP_DEGIL,FIB_HIGH_ZONE
EKSUN,14.25,BEKLE,15,10,DIP_DEGIL,FIB_HIGH_ZONE
KERVN,14.25,BEKLE,15,10,DIP_DEGIL,FIB_HIGH_ZONE
PRZMA,14.25,BEKLE,15,10,DIP_DEGIL,FIB_HIGH_ZONE
GATEG,14.25,BEKLE,15,10,DIP_DEGIL,FIB_HIGH_ZONE
DEVA,14.25,BEKLE,15,10,DIP_DEGIL,FIB_HIGH_ZONE
KLYPV,14.25,BEKLE,15,10,DIP_DEGIL,FIB_HIGH_ZONE
KTLEV,14.25,BEKLE,15,10,DIP_DEGIL,FIB_HIGH_ZONE
OZATD,14.25,BEKLE,15,10,DIP_DEGIL,FIB_HIGH_ZONE
AKFYE,14.25,BEKLE,15,10,DIP_DEGIL,FIB_HIGH_ZONE
EGEGY,14.25,BEKLE,15,10,DIP_DEGIL,FIB_HIGH_ZONE
HUNER,14.25,BEKLE,15,10,DIP_DEGIL,FIB_HIGH_ZONE
ETYAT,12.55,BEKLE,13,10,DIP_DEGIL,FIB_HIGH_ZONE
ATEKS,12.55,BEKLE,13,10,DIP_DEGIL,FIB_HIGH_ZONE
SEKUR,12.55,BEKLE,13,10,DIP_DEGIL,FIB_HIGH_ZONE
FENER,11.25,BEKLE,0,75,DIP_DEGIL,FIB_EARLY_REBOUND
DOHOL,11.25,BEKLE,0,75,DIP_DEGIL,FIB_EARLY_REBOUND
GOKNR,10.25,BEKLE,5,40,DIP_DEGIL,FIB_MID_ZONE
OZRDN,10.25,BEKLE,5,40,DIP_DEGIL,FIB_MID_ZONE
ANSGR,10.25,BEKLE,5,40,DIP_DEGIL,FIB_MID_ZONE
SUMAS,10.25,BEKLE,5,40,DIP_DEGIL,FIB_MID_ZONE
RALYH,10.25,BEKLE,5,40,DIP_DEGIL,FIB_MID_ZONE
SEYKM,10.25,BEKLE,5,40,DIP_DEGIL,FIB_MID_ZONE
PNLSN,10.25,BEKLE,5,40,DIP_DEGIL,FIB_MID_ZONE
DOGUB,10.25,BEKLE,5,40,DIP_DEGIL,FIB_MID_ZONE
YUNSA,10.25,BEKLE,5,40,DIP_DEGIL,FIB_MID_ZONE
KCHOL,10.0,BEKLE,10,10,DIP_DEGIL,FIB_HIGH_ZONE
AKSEN,10.0,BEKLE,10,10,DIP_DEGIL,FIB_HIGH_ZONE
OZSUB,10.0,BEKLE,10,10,DIP_DEGIL,FIB_HIGH_ZONE
TCKRC,10.0,BEKLE,10,10,DIP_DEGIL,FIB_HIGH_ZONE
GEREL,10.0,BEKLE,10,10,DIP_DEGIL,FIB_HIGH_ZONE
GOZDE,10.0,BEKLE,10,10,DIP_DEGIL,FIB_HIGH_ZONE
BRMEN,10.0,BEKLE,10,10,DIP_DEGIL,FIB_HIGH_ZONE
IZFAS,10.0,BEKLE,10,10,DIP_DEGIL,FIB_HIGH_ZONE
MERCN,10.0,BEKLE,10,10,DIP_DEGIL,FIB_HIGH_ZONE
TGSAS,10.0,BEKLE,10,10,DIP_DEGIL,FIB_HIGH_ZONE
ATATP,10.0,BEKLE,10,10,DIP_DEGIL,FIB_HIGH_ZONE
AGESA,10.0,BEKLE,10,10,DIP_DEGIL,FIB_HIGH_ZONE
KORDS,10.0,BEKLE,10,10,DIP_DEGIL,FIB_HIGH_ZONE
KRSTL,10.0,BEKLE,10,10,DIP_DEGIL,FIB_HIGH_ZONE
ICUGS,10.0,BEKLE,10,10,DIP_DEGIL,FIB_HIGH_ZONE
GESAN,10.0,BEKLE,10,10,DIP_DEGIL,FIB_HIGH_ZONE
MARKA,10.0,BEKLE,10,10,DIP_DEGIL,FIB_HIGH_ZONE
GEDIK,10.0,BEKLE,10,10,DIP_DEGIL,FIB_HIGH_ZONE
DGGYO,10.0,BEKLE,10,10,DIP_DEGIL,FIB_HIGH_ZONE
OBASE,10.0,BEKLE,10,10,DIP_DEGIL,FIB_HIGH_ZONE
GSDHO,10.0,BEKLE,10,10,DIP_DEGIL,FIB_HIGH_ZONE
ICBCT,10.0,BEKLE,10,10,DIP_DEGIL,FIB_HIGH_ZONE
SANFM,10.0,BEKLE,10,10,DIP_DEGIL,FIB_HIGH_ZONE
PINSU,10.0,BEKLE,10,10,DIP_DEGIL,FIB_HIGH_ZONE
ARMGD,10.0,BEKLE,10,10,DIP_DEGIL,FIB_HIGH_ZONE
KARTN,5.75,BEKLE,5,10,DIP_DEGIL,FIB_HIGH_ZONE
ARASE,5.75,BEKLE,5,10,DIP_DEGIL,FIB_HIGH_ZONE
DUNYH,5.75,BEKLE,5,10,DIP_DEGIL,FIB_HIGH_ZONE
BMSTL,5.75,BEKLE,5,10,DIP_DEGIL,FIB_HIGH_ZONE
PCILT,5.75,BEKLE,5,10,DIP_DEGIL,FIB_HIGH_ZONE
SELEC,5.75,BEKLE,5,10,DIP_DEGIL,FIB_HIGH_ZONE
TURSG,5.75,BEKLE,5,10,DIP_DEGIL,FIB_HIGH_ZONE
HEDEF,5.75,BEKLE,5,10,DIP_DEGIL,FIB_HIGH_ZONE
DMRGD,5.75,BEKLE,5,10,DIP_DEGIL,FIB_HIGH_ZONE
AKSGY,5.75,BEKLE,5,10,DIP_DEGIL,FIB_HIGH_ZONE
BIMAS,5.75,BEKLE,5,10,DIP_DEGIL,FIB_HIGH_ZONE
PKART,5.75,BEKLE,5,10,DIP_DEGIL,FIB_HIGH_ZONE
EUPWR,5.75,BEKLE,5,10,DIP_DEGIL,FIB_HIGH_ZONE
EBEBK,5.75,BEKLE,5,10,DIP_DEGIL,FIB_HIGH_ZONE
BYDNR,5.75,BEKLE,5,10,DIP_DEGIL,FIB_HIGH_ZONE
CATES,5.75,BEKLE,5,10,DIP_DEGIL,FIB_HIGH_ZONE
CWENE,5.75,BEKLE,5,10,DIP_DEGIL,FIB_HIGH_ZONE
TKFEN,5.75,BEKLE,5,10,DIP_DEGIL,FIB_HIGH_ZONE
BSOKE,5.75,BEKLE,5,10,DIP_DEGIL,FIB_HIGH_ZONE
AKFIS,5.75,BEKLE,5,10,DIP_DEGIL,FIB_HIGH_ZONE
ALARK,5.75,BEKLE,5,10,DIP_DEGIL,FIB_HIGH_ZONE
AKCNS,5.75,BEKLE,5,10,DIP_DEGIL,FIB_HIGH_ZONE
OZYSR,5.75,BEKLE,5,10,DIP_DEGIL,FIB_HIGH_ZONE
EFOR,5.75,BEKLE,5,10,DIP_DEGIL,FIB_HIGH_ZONE
SOKE,5.75,BEKLE,5,10,DIP_DEGIL,FIB_HIGH_ZONE
MOGAN,5.75,BEKLE,5,10,DIP_DEGIL,FIB_HIGH_ZONE
GMTAS,5.75,BEKLE,5,10,DIP_DEGIL,FIB_HIGH_ZONE
BINHO,5.75,BEKLE,5,10,DIP_DEGIL,FIB_HIGH_ZONE
RYGYO,5.75,BEKLE,5,10,DIP_DEGIL,FIB_HIGH_ZONE
UFUK,5.75,BEKLE,5,10,DIP_DEGIL,FIB_HIGH_ZONE
RGYAS,5.75,BEKLE,5,10,DIP_DEGIL,FIB_HIGH_ZONE
AGHOL,5.75,BEKLE,5,10,DIP_DEGIL,FIB_HIGH_ZONE
AKHAN,5.75,BEKLE,5,10,DIP_DEGIL,FIB_HIGH_ZONE
YGGYO,5.75,BEKLE,5,10,DIP_DEGIL,FIB_HIGH_ZONE
ETILR,5.75,BEKLE,5,10,DIP_DEGIL,FIB_HIGH_ZONE
ZGYO,5.75,BEKLE,5,10,DIP_DEGIL,FIB_HIGH_ZONE
ATSYH,5.75,BEKLE,5,10,DIP_DEGIL,FIB_HIGH_ZONE
AYEN,5.75,BEKLE,5,10,DIP_DEGIL,FIB_HIGH_ZONE
QNBFK,5.75,BEKLE,5,10,DIP_DEGIL,FIB_HIGH_ZONE
AEFES,5.75,BEKLE,5,10,DIP_DEGIL,FIB_HIGH_ZONE
CCOLA,5.75,BEKLE,5,10,DIP_DEGIL,FIB_HIGH_ZONE
ALCAR,5.75,BEKLE,5,10,DIP_DEGIL,FIB_HIGH_ZONE
ESCAR,1.5,BEKLE,0,10,DIP_DEGIL,FIB_HIGH_ZONE
BIGTK,1.5,BEKLE,0,10,DIP_DEGIL,FIB_HIGH_ZONE
